{
  "best_model": "logistic_regression",
  "validation_comparison": [
    {
      "model": "logistic_regression",
      "accuracy": 0.7487579843860894,
      "precision": 0.5168350168350169,
      "recall": 0.820855614973262,
      "f1": 0.6342975206611571,
      "roc_auc": 0.859332454984629
    },
    {
      "model": "random_forest",
      "accuracy": 0.8005677785663591,
      "precision": 0.6207792207792208,
      "recall": 0.6390374331550802,
      "f1": 0.6297760210803689,
      "roc_auc": 0.8490661086569015
    },
    {
      "model": "hist_gradient_boosting",
      "accuracy": 0.801277501774308,
      "precision": 0.6506410256410257,
      "recall": 0.5427807486631016,
      "f1": 0.5918367346938775,
      "roc_auc": 0.8436952646671316
    },
    {
      "model": "baseline_dummy",
      "accuracy": 0.7345635202271115,
      "precision": 0.0,
      "recall": 0.0,
      "f1": 0.0,
      "roc_auc": 0.5
    }
  ],
  "test_metrics": {
    "accuracy": 0.7416607523066004,
    "precision": 0.5083892617449665,
    "recall": 0.8101604278074866,
    "f1": 0.6247422680412371,
    "roc_auc": 0.8320519775762742
  }
}