{
  "best_model": "rf_untuned",
  "validation_comparison": [
    {
      "model": "hist_gradient_boosting",
      "accuracy": 0.7998575498575499,
      "precision": 0.6573426573426573,
      "recall": 0.5067385444743935,
      "f1": 0.5722983257229832,
      "roc_auc": 0.8307888206699143,
      "log_loss": 0.44136113358643464
    },
    {
      "model": "random_forest",
      "accuracy": 0.792022792022792,
      "precision": 0.6010230179028133,
      "recall": 0.633423180592992,
      "f1": 0.6167979002624672,
      "roc_auc": 0.8290327546752322,
      "log_loss": 0.4461254509197685
    },
    {
      "model": "logistic_regression",
      "accuracy": 0.7443019943019943,
      "precision": 0.5105633802816901,
      "recall": 0.7816711590296496,
      "f1": 0.617678381256656,
      "roc_auc": 0.8411347369684509,
      "log_loss": 0.48987696560393257
    },
    {
      "model": "baseline_dummy",
      "accuracy": 0.7357549857549858,
      "precision": 0.0,
      "recall": 0.0,
      "f1": 0.0,
      "roc_auc": 0.5,
      "log_loss": 9.524355703249618
    }
  ],
  "final_eval_ran": false,
  "test_metrics": null
}