model,accuracy,precision,recall,f1,roc_auc
logistic_regression,0.7487579843860894,0.5168350168350169,0.820855614973262,0.6342975206611571,0.859332454984629
random_forest,0.8005677785663591,0.6207792207792208,0.6390374331550802,0.6297760210803689,0.8490661086569015
hist_gradient_boosting,0.801277501774308,0.6506410256410257,0.5427807486631016,0.5918367346938775,0.8436952646671316
baseline_dummy,0.7345635202271115,0.0,0.0,0.0,0.5
